{
  "KEY_WORD": [
    "class", "void", "function", "static",
    "private", "public", "protected",
    "char", "int", "boolean", "double", "bool", "var",
    "if", "else", "while", "do", "for",
    "this", "return", "null", "print"
  ],
  "OP": [
    "+", "-", "*", "/", "+=", "-=", "*=", "/=",
    "++", "--", "&", "|", "~", "&&", "||",
    "<", ">", "=", "<=", ">=", "==", "!="
  ],
  "SYMBOL": [".", ",", ";", "(", ")", "[", "]", "{", "}"],
  "ID": "[_A-Za-z][_A-Za-z0-9]*",
  "CONSTANT": "((\"(.*)\")|('(\\\\)?[\\p{ASCII}]')|(\\d+(\\.\\d*)?i)|(\\d*(\\.)?\\d*(E([+\\-])\\d*(\\.)?\\d*)?)|false|true)"
}